sep=,
"Reference,""Qty"",""Value"",""DNP"",""Exclude from BOM"",""Exclude from Board"",""Footprint"",""Datasheet"""
"ALT_CAN0,""1"",""Conn_01x02_Pin"","""","""","""",""Connector_Wire:SolderWire-0.1sqmm_1x02_P3.6mm_D0.4mm_OD1mm_Relief"",""~"""
"AMS0,FUSE_LED0,SAFETY_LED0,""3"",""Yellow"","""","""","""",""LED_SMD:LED_PLCC-2_3.4x3.0mm_AK"",""https://www.tme.eu/Document/b727a26c2a14c1b978f399fc0d48d055/RF-YURA30TS-AE.pdf"""
"C1,C2,""2"",""2u"","""","""","""",""Capacitor_SMD:C_0603_1608Metric"",""~"""
"C3,C4,""2"",""10n"","""","""","""",""Capacitor_SMD:C_0603_1608Metric"",""~"""
"C5,""1"",""22n"","""","""","""",""Capacitor_SMD:C_0603_1608Metric"",""~"""
"CAN0,""1"",""Conn_01x09"","""","""","""",""Connector_Dsub:DSUB-9_Socket_Vertical_P2.77x2.84mm"",""~"""
"CAN1,""1"",""Conn_01x04_MountingPin"","""","""","""",""Connector_Wire:SolderWire-0.1sqmm_1x04_P3.6mm_D0.4mm_OD1mm_Relief"",""~"""
"CS_BTN1,DRS_BTN1,J1,J2,J3,RTD_BTN1,TERM_1,TSA_BTN1,USR_BTN1,""9"",""Conn_01x02_Pin"","""","""","""",""Connector_PinHeader_1.27mm:PinHeader_1x02_P1.27mm_Vertical"",""~"""
"D1,""1"",""TDZVTR12"","""","""","""",""SamacSys_Parts:TDZVTR20"",""https://www.mouser.pl/ProductDetail/ROHM-Semiconductor/TDZVTR12?qs=4v%252BiZTmLVHH4uFenhw55Ug%3D%3D"""
"D8,""1"",""PESD2CAN.215"","""","""","""",""Package_TO_SOT_SMD:SOT-23-3"",""https://assets.nexperia.com/documents/data-sheet/PESD2CAN.pdf"""
"J1pin200000,J2SO2,""2"",""Conn_02x20_Top_Bottom_MountingPin"","""","""","""",""Connector_PinHeader_1.27mm:PinHeader_2x20_P1.27mm_Vertical"",""~"""
"J4,J5,""2"",""Conn_01x01"","""","""","""",""footprints:PJ3253"",""~"""
"J5POWER1,SWD2,""2"",""Conn_01x06_MountingPin"","""","""","""",""Connector_Wire:SolderWire-0.1sqmm_1x06_P3.6mm_D0.4mm_OD1mm_Relief"",""~"""
"J7,""1"",""FTSH"","""","""","""",""footprints:FTSH-107-XX-YYY-DV-K-A"",""http://suddendocs.samtec.com/prints/ftsh-1xx-xx-xxx-dv-xxx-xxx-mkt.pdf"""
"J8,""1"",""Conn_01x03_Socket"","""","""","""",""Connector_BarrelJack:BarrelJack_Kycon_KLDX-0202-xC_Horizontal"",""https://www.mouser.pl/ProductDetail/Same-Sky/PJ-102B?qs=WyjlAZoYn50OhgyxNd%252BH3w%3D%3D&mgh=1&vip=1&utm_id=20540008311&utm_source=google&utm_medium=cpc&utm_marketing_tactic=emeacorp&gad_source=1&gad_campaignid=20545691906&gbraid=0AAAAADn_wf1e-48-ceu7QPwB6Y_dwUjGg&gclid=Cj0KCQjwjL3HBhCgARIsAPUg7a78BBfQP10DKvUc4kPTbnrHfbwZRC22debUnxayat3Gz-2MIyaCruAaAoQTEALw_wcB"""
"Q1,""1"",""STN3P6F6"","""","""","""",""Package_TO_SOT_SMD:SOT-223-3_TabPin2"",""https://www.mouser.pl/ProductDetail/STMicroelectronics/STN3P6F6?qs=uZT4uyn3SpyqV6vypo4MhA%3D%3D"""
"Q4,Q5,Q6,""3"",""BSS138"","""","""","""",""Package_TO_SOT_SMD:SOT-23"",""https://www.onsemi.com/pub/Collateral/NDS7002A-D.PDF"""
"R1,R2,R3,R4,R5,""5"",""1K"","""","""","""",""Resistor_SMD:R_1206_3216Metric"",""~"""
"R6,R9,R14,R17,""4"",""150"","""","""","""",""Resistor_SMD:R_1206_3216Metric"",""~"""
"R7,R10,R15,""3"",""100R"","""","""","""",""Resistor_SMD:R_0603_1608Metric"",""~"""
"R8,R13,R16,""3"",""10k"","""","""","""",""Resistor_SMD:R_0603_1608Metric"",""~"""
"R11,""1"",""120"","""","""","""",""Resistor_SMD:R_1206_3216Metric"",""~"""
"SW1,SW2,SW3,SW4,SW5,""5"",""SW_Push"","""","""","""",""Button_Switch_SMD:SW_Push_1P1T_NO_E-Switch_TL3301NxxxxxG"",""~"""
"U1,""1"",""SPX3819M5-L-5-0"","""","""","""",""Package_TO_SOT_SMD:SOT-23-5"",""https://www.exar.com/content/document.ashx?id=22106&languageid=1033&type=Datasheet&partnumber=SPX3819&filename=SPX3819.pdf&part=SPX3819"""
"U2,""1"",""SPX3819M5-L-3-3"","""","""","""",""Package_TO_SOT_SMD:SOT-23-5"",""https://www.tme.eu/pl/details/spx3819m5-l-3-3_tr/stabilizatory-napiecia-nieregulowane-ldo/maxlinear/"""
